{
    "providers": [
        {
            "type": "bitmap",
            "file": "customimg:font/pix.png",
            "ascent": 10,
            "height": 10,
            "chars": [
                    "\uE690"
                ]
        },
        {
            "type": "bitmap",
            "file": "customimg:font/1.png",
            "ascent": 32,
            "height": 64,
            "chars": [
                    "\uE691"
                ]
        },
        {
            "type": "bitmap",
            "file": "customimg:font/2.png",
            "ascent": 32,
            "height": 64,
            "chars": [
                    "\uE692"
                ]
        },
        {
            "type": "bitmap",
            "file": "customimg:font/3.png",
            "ascent": 32,
            "height": 64,
            "chars": [
                    "\uE693"
                ]
        },
        {
            "type": "bitmap",
            "file": "customimg:font/4.png",
            "ascent": 32,
            "height": 64,
            "chars": [
                    "\uE694"
                ]
        },
        {
            "type": "space",
            "advances": {
               "\uE695": -3
            }
         }              
    ]
}